﻿<?xml version="1.0" encoding="UTF-8"?>
<collection>
<libary>

  <book>
    <title>Philosopher's Stone</title>
    <author>J. K. Rowling</author>
    <quantity>7</quantity>
  </book>

  <book>
    <title>Chamber of Secrets</title>
    <author>J. K. Rowling</author>
    <quantity>2</quantity>
  </book>

  <book>
    <title>The Two Towers</title>
    <author>J. R. R. Tolkien</author>
    <quantity>4</quantity>
  </book>
  
  <book>
    <title>The Fellowship of the Ring</title>
    <author>J. R. R. Tolkien</author>
    <quantity>10</quantity>
  </book>
  
  <book>
    <title>1984</title>
    <author>George Orwell</author>
    <quantity>5</quantity>
  </book>
  
   <book>
    <title>1985</title>
    <author>George Orwell</author>
    <quantity>10</quantity>
  </book>
  
  
<book>
    <title>The Hunger Games</title>
    <author>Suzanne Collins</author>
  <quantity>0</quantity>
  </book>

</libary>
</collection>